"","V1","V2","V3","V4","V5","V6","V7"
"https://www.amazon.es/gp/slredirect/picassoRedirect.html/ref=pa_sp_atf_aps_sr_pg1_1?ie=UTF8&adId=A0360571RRTSKZ83Y1A8&url=%2FAspirador-Portatil-Cable-Coche-7000PA%2Fdp%2FB07PHDX6JP%2Fref%3Dsr_1_1_sspa%3F__mk_es_ES%3D%25C3%2585M%25C3%2585%25C5%25BD%25C3%2595%25C3%2591%26keywords%3Daspirador%26qid%3D1558608829%26s%3Dgateway%26sr%3D8-1-spons%26psc%3D1&qualifier=1558608829&id=1984679022881010&widgetName=sp_atf","
                
                    
                    
                

                
                    
                    
                        Aspirador de Mano Portatil Sin Cable Mini para Coche y Hogar 120W 7000PA
                    
                

                
                    
                    
                
            ","1,44 Kg","42 x 12,5 x 13 cm","0","120 vatios","4 opiniones de clientes","EUR 37,99"
"https://www.amazon.es/gp/slredirect/picassoRedirect.html/ref=pa_sp_atf_aps_sr_pg1_2?ie=UTF8&adId=A03073443UCSA92U4X2AR&url=%2FKranich-Aspirador-ciclonico-aspiradora-Potente%2Fdp%2FB07FCJBBGY%2Fref%3Dsr_1_2_sspa%3F__mk_es_ES%3D%25C3%2585M%25C3%2585%25C5%25BD%25C3%2595%25C3%2591%26keywords%3Daspirador%26qid%3D1558608829%26s%3Dgateway%26sr%3D8-2-spons%26psc%3D1&qualifier=1558608829&id=1984679022881010&widgetName=sp_atf","
                
                    
                    
                

                
                    
                    
                        Kranich Aspirador ciclonico para hogar con Bolsa aspiradora de Mano Potente 1000W
                    
                

                
                    
                    
                
            ","4,8 Kg","45 x 31,5 x 26,3 cm","3.50 litros","1000 vatios","12 opiniones de clientes","EUR 39,99"
"https://www.amazon.es/Rowenta-Compact-Power-Cyclonic-Aspirador/dp/B01CIALC5G/ref=sr_1_3?__mk_es_ES=%C3%85M%C3%85%C5%BD%C3%95%C3%91&keywords=aspirador&qid=1558608829&s=gateway&sr=8-3","
                
                    
                    
                

                
                    
                    
                        Rowenta Compact Power Cyclonic RO3753EA - Aspirador sin bolsa, sistema ciclónico sin bolsa, depósito 1.5 L, cepillo parquet y boquilla 2 en 1 para ranuras, 79 dB(A), fácil de limpiar
                    
                

                
                    
                    
                
            ","6,8 Kg","27,5 x 40,9 x 29 cm","1.5 litros","750 vatios","1,577 opiniones de clientes","EUR 75,99"
"https://www.amazon.es/K%C3%A4rcher-WD3-Aspirador-multiuso-aspiraci%C3%B3n/dp/B00JBNZPFM/ref=sr_1_4?__mk_es_ES=%C3%85M%C3%85%C5%BD%C3%95%C3%91&keywords=aspirador&qid=1558608829&s=gateway&sr=8-4","
                
                    
                    
                

                
                    
                    
                        Kärcher Aspiradores multiuso WD 3 (1.629-800.0)
                    
                

                
                    
                    
                
            ","5,8 Kg","34 x 38,8 x 50,3 cm","0","1000 vatios","887 opiniones de clientes","EUR 68,79"
"https://www.amazon.es/Cecotec-Conga-Duostick-Easy-Aspirador/dp/B01LYTA8KW/ref=sr_1_5?__mk_es_ES=%C3%85M%C3%85%C5%BD%C3%95%C3%91&keywords=aspirador&qid=1558608829&s=gateway&sr=8-5","
                
                    
                    
                

                
                    
                    
                        Cecotec Conga Duostick Easy - Aspirador ciclónico vertical 2 en 1 (escoba y de mano sin bolsas, 800 W, Filtro HEPA) color negro y verde
                    
                

                
                    
                    
                
            ","1,28 Kg","25 x 65 x 14 cm","0","800 vatios","2,100 opiniones de clientes","EUR 26,00"
"https://www.amazon.es/Aspiradora-Aspirador-Inoxidable-Tecnolog%C3%ADa-Cicl%C3%B3nica/dp/B07P33GV4Y/ref=sr_1_6?__mk_es_ES=%C3%85M%C3%85%C5%BD%C3%95%C3%91&keywords=aspirador&qid=1558608829&s=gateway&sr=8-6","
                
                    
                    
                

                
                    
                    
                        Aspiradora de Mano Sin Cable, HIKEREN Aspirador Mano Potente, 6000PA, Aspiradora Sin Cable con Filtro de Acero Inoxidable, Luz LED, Batería de 2600mAh, Tecnología Ciclónica, 3 Boquillas
                    
                

                
                    
                    
                
            ","980 g","35 x 10 x 12 cm","0","100 vatios","139 opiniones de clientes","EUR 49,96"
"https://www.amazon.es/Cecotec-Aspirador-regulador-sopladora-Multicolor/dp/B01M7408A0/ref=sr_1_7?__mk_es_ES=%C3%85M%C3%85%C5%BD%C3%95%C3%91&keywords=aspirador&qid=1558608829&s=gateway&sr=8-7","
                
                    
                    
                

                
                    
                    
                        Cecotec Wet&Dry Aspirador de sólidos y líquidos de 1400 W, HEPA y Filtro de Agua, regulador de Potencia, función sopladora, Capacidad 15 l, Multicolor
                    
                

                
                    
                    
                
            ","6,96 Kg","40 x 40 x 52 cm","15 litros","1400 vatios","508 opiniones de clientes","EUR 67,99"
"https://www.amazon.es/Aspiradoras-Vertical-Aspiradora-Aspirador-Velocidades/dp/B07KC32NDV/ref=sr_1_8?__mk_es_ES=%C3%85M%C3%85%C5%BD%C3%95%C3%91&keywords=aspirador&qid=1558608829&s=gateway&sr=8-8","
                
                    
                    
                

                
                    
                    
                        Aspiradoras Vertical, HIKEREN Aspiradora Escoba Hogar, 12000pa, Aspirador Mano Sin Cable, con Estación de Carga y 4 X Luces LED, 2 Velocidades, Batería de 2500mAh, Lavable Filtro HEPA, 2 Cepillos
                    
                

                
                    
                    
                
            ","3,15 Kg","120 x 24 x 12 cm","0","0","191 opiniones de clientes","EUR 89,96"
"https://www.amazon.es/Rowenta-RO2727-City-Space-Cyclonic/dp/B075FWS95S/ref=sr_1_9?__mk_es_ES=%C3%85M%C3%85%C5%BD%C3%95%C3%91&keywords=aspirador&qid=1558608829&s=gateway&sr=8-9","
                
                    
                    
                

                
                    
                    
                        Rowenta City Space Cyclonic RO2727EA - Aspirador sin Bolsa, Cabezal de Alta Eficiencia, Accesorio Boquilla para Ranuras 2 en 1 más Versátil, Cepillo Tapicerías y Boquilla Ranuras Flexible XXL, 78 dB
                    
                

                
                    
                    
                
            ","4,95 Kg","47 x 28,5 x 30 cm","1.2 litros","750 vatios","163 opiniones de clientes","EUR 59,99"
"https://www.amazon.es/Einhell-TC-VC-1812-seco-h%C3%BAmedo-aspiraci%C3%B3n/dp/B014HFNONS/ref=sr_1_10?__mk_es_ES=%C3%85M%C3%85%C5%BD%C3%95%C3%91&keywords=aspirador&qid=1558608829&s=gateway&sr=8-10","
                
                    
                    
                

                
                    
                    
                        Einhell Aspirador en seco y húmedo TC-VC 1812 S
                    
                

                
                    
                    
                
            ","3,2 Kg","34 x 34 x 37 cm","0","1250 vatios","325 opiniones de clientes","EUR 39,95"
"https://www.amazon.es/gp/slredirect/picassoRedirect.html/ref=pa_sp_mtf_aps_sr_pg1_1?ie=UTF8&adId=A00341482SVJHJP7DBCC8&url=%2FUten-Aspiradora-aspiradoras-eficiencia-energ%25C3%25A9tica%2Fdp%2FB07FM2TDNL%2Fref%3Dsr_1_11_sspa%3F__mk_es_ES%3D%25C3%2585M%25C3%2585%25C5%25BD%25C3%2595%25C3%2591%26keywords%3Daspirador%26qid%3D1558608829%26s%3Dgateway%26sr%3D8-11-spons%26psc%3D1&qualifier=1558608829&id=1984679022881010&widgetName=sp_mtf","
                
                    
                    
                

                
                    
                    
                        Kranich Aspiradora portatil para casa Mano y Vertical aspiradoras Manual sin Bolsa 2 en 1 Limpiador Potente 700W (5m)
                    
                

                
                    
                    
                
            ","1,5 Kg","43 x 29 x 17 cm","1 litros","700 vatios","37 opiniones de clientes","EUR 39,99"
"https://www.amazon.es/gp/slredirect/picassoRedirect.html/ref=pa_sp_mtf_aps_sr_pg1_2?ie=UTF8&adId=A0919512ENAUI6ECW5SN&url=%2FAspiradora-ONEDAY-Aspirador-Tecnolog%25C3%25ADa-Recargable%2Fdp%2FB07B928N8P%2Fref%3Dsr_1_12_sspa%3F__mk_es_ES%3D%25C3%2585M%25C3%2585%25C5%25BD%25C3%2595%25C3%2591%26keywords%3Daspirador%26qid%3D1558608829%26s%3Dgateway%26sr%3D8-12-spons%26psc%3D1&qualifier=1558608829&id=1984679022881010&widgetName=sp_mtf","
                
                    
                    
                

                
                    
                    
                        Aspiradora Mano, ONEDAY 6 en 1 Aspirador sin Cable sin Bolsa Seco Tecnología Ciclónica Recargable Vacío 40 min Max Técnica de Carga Rápida para Inicio / Coche / Pelo de Mascota etc. [Negro]
                    
                

                
                    
                    
                
            ","1,35 Kg","0","500 ml","80 vatios","175 opiniones de clientes","EUR 69,99"
"https://www.amazon.es/Cecotec-Conga-Serie-1090-Inteligente/dp/B07HN89XDZ/ref=sr_1_13?__mk_es_ES=%C3%85M%C3%85%C5%BD%C3%95%C3%91&keywords=aspirador&qid=1558608829&s=gateway&sr=8-13","
                
                    
                    
                

                
                    
                    
                        Cecotec Conga Serie 1090 - Robot Aspirador 4 en 1, navegación Inteligente iTech Space, especial mascotas, 5 modos de limpieza
                    
                

                
                    
                    
                
            ","4,6 Kg","0","0","0","611 opiniones de clientes","EUR 179,00"
"https://www.amazon.es/Cecotec-Conga-Serie-990-Excellence/dp/B07HY77Z3N/ref=sr_1_14?__mk_es_ES=%C3%85M%C3%85%C5%BD%C3%95%C3%91&keywords=aspirador&qid=1558608829&s=gateway&sr=8-14","
                
                    
                    
                

                
                    
                    
                        Cecotec Conga Serie 990 Excellence - Robot aspirador que friega, con 4 cepillos laterales, 220-240/50 Hz, Negro
                    
                

                
                    
                    
                
            ","4,7 Kg","0","0","0","1,142 opiniones de clientes","EUR 169,00"
"https://www.amazon.es/Bosch-BGS5SIL66B-Relaxxx-ProSilence-SensorBagless/dp/B00LWVGMPS/ref=sr_1_15?__mk_es_ES=%C3%85M%C3%85%C5%BD%C3%95%C3%91&keywords=aspirador&qid=1558608829&s=gateway&sr=8-15","
                
                    
                    
                

                
                    
                    
                        Bosch BGS5SIL66B Relaxx'x ProSilence - Aspirador sin bolsa silencioso, tecnología SensorBagless, 700 W, autolimpieza de filtro SelfClean, color negro
                    
                

                
                    
                    
                
            ","6,7 Kg","31 x 32 x 47 cm","3 litros","700 vatios","345 opiniones de clientes","EUR 205,00"
"https://www.amazon.es/MLITER-Aspirador-Aspiradora-Accesorios-Dep%C3%B3sito/dp/B07KPRWKJP/ref=sr_1_16?__mk_es_ES=%C3%85M%C3%85%C5%BD%C3%95%C3%91&keywords=aspirador&qid=1558608829&s=gateway&sr=8-16","
                
                    
                    
                

                
                    
                    
                        MLITER Aspirador Escoba con Cable 2 en 1, Aspiradora Gran Succión 14KPa, Aspirador de Mano 12 Accesorios, Aspiradora Hogar Ligera Pelo Mascota, Depósito 800ml, Azul y Blanco
                    
                

                
                    
                    
                
            ","2,37 Kg","23,8 x 20,2 x 104,8 cm","800 ml","400 vatios","21 opiniones de clientes","EUR 42,99"
"https://www.amazon.es/Cecotec-EcoExtreme-Aspirador-Cicl%C3%B3nico-Capacidad/dp/B07587LM6H/ref=sr_1_17?__mk_es_ES=%C3%85M%C3%85%C5%BD%C3%95%C3%91&keywords=aspirador&qid=1558608829&s=gateway&sr=8-17","
                
                    
                    
                

                
                    
                    
                        Cecotec EcoExtreme 3000. Aspirador Trineo Sin Bolsa Multi Ciclónico. Capacidad de 3’5L. Filtro HEPA
                    
                

                
                    
                    
                
            ","4,5 Kg","41 x 27 x 31 cm","3.5 litros","700 vatios","264 opiniones de clientes","EUR 65,99"
"https://www.amazon.es/Philips-FC9331-09-Aspirador-antial%C3%A9rgicas/dp/B01N1738SK/ref=sr_1_18?__mk_es_ES=%C3%85M%C3%85%C5%BD%C3%95%C3%91&keywords=aspirador&qid=1558608829&s=gateway&sr=8-18","
                
                    
                    
                

                
                    
                    
                        Philips PowerPro Compact FC9331/09 - Aspirador con sistema Ciclonico sin Bolsa, Deposito 1.5 L, Filtro Antialergias, Facil de Limpiar
                    
                

                
                    
                    
                
            ","6,1 Kg","28,1 x 41 x 24,7 cm","1.5 litros","650 vatios","76 opiniones de clientes","EUR 89,90"
"https://www.amazon.es/Aspiradora-Aspirador-Aspiradoras-Inoxidable-Boquillas/dp/B07K9JZ6SB/ref=sr_1_19?__mk_es_ES=%C3%85M%C3%85%C5%BD%C3%95%C3%91&keywords=aspirador&qid=1558608829&s=gateway&sr=8-19","
                
                    
                    
                

                
                    
                    
                        Aspiradora de Mano, HIKEREN Aspirador Mano Sin Cable, 5000PA, Aspiradoras Hogar Ligera y Potente, con Filtro de Acero Inoxidable, Batería de 2400mAh, 3 Boquillas para Pelos, Liquido, Cocina y Coche
                    
                

                
                    
                    
                
            ","921 g","0","0","100 vatios","357 opiniones de clientes","EUR 39,96"
"https://www.amazon.es/Polti-Forzaspira-C110_Plus-Aspirador-cicl%C3%B3nico/dp/B073W3SQ23/ref=sr_1_20?__mk_es_ES=%C3%85M%C3%85%C5%BD%C3%95%C3%91&keywords=aspirador&qid=1558608829&s=gateway&sr=8-20","
                
                    
                    
                

                
                    
                    
                        Polti Forzaspira C110_Plus Aspirador cicónico sin Bolsa, 2 litros Capacidad depósito de Recogida, 800 W, 80 Decibelios, Rojo
                    
                

                
                    
                    
                
            ","5,2 Kg","28 x 32 x 38 cm","2 litros","800 vatios","244 opiniones de clientes","EUR 65,00"
"https://www.amazon.es/gp/slredirect/picassoRedirect.html/ref=pa_sp_atf_next_aps_sr_pg2_1?ie=UTF8&adId=A0919512ENAUI6ECW5SN&url=%2FAspiradora-ONEDAY-Aspirador-Tecnolog%25C3%25ADa-Recargable%2Fdp%2FB07B928N8P%2Fref%3Dsr_1_17_sspa%3F__mk_es_ES%3D%25C3%2585M%25C3%2585%25C5%25BD%25C3%2595%25C3%2591%26keywords%3Daspirador%26qid%3D1558608830%26s%3Dgateway%26sr%3D8-17-spons%26psc%3D1&qualifier=1558608830&id=5340753195975103&widgetName=sp_atf_next","
                
                    
                    
                

                
                    
                    
                        Aspiradora Mano, ONEDAY 6 en 1 Aspirador sin Cable sin Bolsa Seco Tecnología Ciclónica Recargable Vacío 40 min Max Técnica de Carga Rápida para Inicio / Coche / Pelo de Mascota etc. [Negro]
                    
                

                
                    
                    
                
            ","1,35 Kg","0","500 ml","80 vatios","175 opiniones de clientes","EUR 69,99"
"https://www.amazon.es/proscenic-Aspirador-Accesorios-Recargable-Ion-Litio/dp/B07MJBQJ41/ref=sr_1_18?__mk_es_ES=%C3%85M%C3%85%C5%BD%C3%95%C3%91&keywords=aspirador&qid=1558608830&s=gateway&sr=8-18","
                
                    
                    
                

                
                    
                    
                        proscenic P8 PLUS Aspirador sin cable Potente 15000Pa,Vertical y de mano 2 en 1con Varios Accesorios,batería Recargable Ion-Litio
                    
                

                
                    
                    
                
            ","3,42 Kg","71 x 32 x 16 cm","1.20 litros","180 vatios","24 opiniones de clientes","
                
                    
                    
                

                
                    
                    
                        proscenic P8 PLUS Aspirador sin cable Potente 15000Pa,Vertical y de mano 2 en 1con Varios Accesorios,batería Recargable Ion-Litio
                    
                

                
                    
                    
                
            "
"https://www.amazon.es/Taurus-Pulsar-Turbo-948-969-Eco-Turbo-Aspiradora/dp/B01LB48NXE/ref=sr_1_19?__mk_es_ES=%C3%85M%C3%85%C5%BD%C3%95%C3%91&keywords=aspirador&qid=1558608830&s=gateway&sr=8-19","
                
                    
                    
                

                
                    
                    
                        Taurus Pulsar Turbo-948 800 Aspirador de Trineo sin bolsa con filtraje multiciclónico, Energy Eco System, Turbocyclone Sytem, 2 litros, Filtro HEPA, 800 W, 78 decibeles, Decibelios
                    
                

                
                    
                    
                
            ","5,5 Kg","43 x 33 x 37 cm","2 litros","800 vatios","227 opiniones de clientes","EUR 70,99"
"https://www.amazon.es/Cecotec-Aspirador-cicl%C3%B3nico-articulado-ErgoExtreme/dp/B06XT3SZDK/ref=sr_1_20?__mk_es_ES=%C3%85M%C3%85%C5%BD%C3%95%C3%91&keywords=aspirador&qid=1558608830&s=gateway&sr=8-20","
                
                    
                    
                

                
                    
                    
                        Cecotec Aspirador Escoba ciclónico 3 en 1 DE Máxima Potencia sin Cables y sin Bolsas. Aspirador de Mano. Batería de Ion-Litio 29,6 V. Brazo articulado. Modo Turbo y Eco. Conga ErgoExtreme 29,6 V
                    
                

                
                    
                    
                
            ","2,7 Kg","26 x 15 x 115 cm","0","29.60","392 opiniones de clientes","EUR 70,17"
"https://www.amazon.es/Hoover-Sprint-Evo-SE51-tecnolog%C3%ADa/dp/B0145S0TIK/ref=sr_1_21?__mk_es_ES=%C3%85M%C3%85%C5%BD%C3%95%C3%91&keywords=aspirador&qid=1558608830&s=gateway&sr=8-21","
                
                    
                    
                

                
                    
                    
                        Hoover Sprint Evo SE51 - Aspirador sin bolsa con filtro EPA, con accesorio especial para parquet, tecnología ciclónica, 700 W, color rojo
                    
                

                
                    
                    
                
            ","4,1 Kg","26,5 x 27,5 x 38,5 cm","1.5 litros","700 vatios","293 opiniones de clientes","EUR 49,00"
"https://www.amazon.es/Einhell-Aspirador-soplador-el%C3%A9ctrico-regulador-velocidad/dp/B01HSFBT1I/ref=sr_1_22?__mk_es_ES=%C3%85M%C3%85%C5%BD%C3%95%C3%91&keywords=aspirador&qid=1558608830&s=gateway&sr=8-22","
                
                    
                    
                

                
                    
                    
                        Einhell GC-EL 2500 E - Aspirador-soplador eléctrico, saco de 40 l, regulador de velocidad, 7000 - 13500 rpm, 2500 W, 230 - 240 V, color negro y rojo (ref. 3433300)
                    
                

                
                    
                    
                
            ","3,15 Kg","44 x 19 x 33,5 cm","0","2500 vatios","87 opiniones de clientes","EUR 34,95"
"https://www.amazon.es/Dodocool-Aspirador-cicl%C3%B3nico-vertical-filtraci%C3%B3n/dp/B07GTKKD19/ref=sr_1_23?__mk_es_ES=%C3%85M%C3%85%C5%BD%C3%95%C3%91&keywords=aspirador&qid=1558608830&s=gateway&sr=8-23","
                
                    
                    
                

                
                    
                    
                        Aspiradora Vertical 2 en 1, dodocool 15000pa 800W Aspirador Escoba y de Mano sin Bolsa, Filtro HEPA, Deposito con 1.5L [Clase de Eficiencia Energética A+ ]
                    
                

                
                    
                    
                
            ","1,85 Kg","60 x 16,2 x 12,5 cm","1.50 litros","800 vatios","99 opiniones de clientes","EUR 44,99"
"https://www.amazon.es/Bosch-Flexxo-BBH32551-Serie-recargable/dp/B07GQSS8RH/ref=sr_1_24?__mk_es_ES=%C3%85M%C3%85%C5%BD%C3%95%C3%91&keywords=aspirador&qid=1558608830&s=gateway&sr=8-24","
                
                    
                    
                

                
                    
                    
                        Bosch Flexxo BBH32551 Serie 4  - Aspirador escoba recargable 2-en-1, autonomía hasta 55 minutos, 25.2 V, color blanco
                    
                

                
                    
                    
                
            ","3,1 Kg","18 x 26,5 x 115 cm","0.4 litros","0","53 opiniones de clientes","
                
                    
                    
                

                
                    
                    
                        Bosch Flexxo BBH32551 Serie 4  - Aspirador escoba recargable 2-en-1, autonomía hasta 55 minutos, 25.2 V, color blanco
                    
                

                
                    
                    
                
            "
"https://www.amazon.es/Aigostar-Dino-30ICP-silencioso-autom%C3%A1tica/dp/B0756W3YCP/ref=sr_1_25?__mk_es_ES=%C3%85M%C3%85%C5%BD%C3%95%C3%91&keywords=aspirador&qid=1558608830&s=gateway&sr=8-25","
                
                    
                    
                

                
                    
                    
                        Aigostar Dino 30ICP - Aspirador ciclónico sin bolsa, 700 W de potencia, 2 tipos de cepillos incluídos, filtro HEPA, silencioso 76dB. Recogida automática de cable. Color rojo. [Clase A].
                    
                

                
                    
                    
                
            ","5,1 Kg","49 x 28,5 x 27,5 cm","1.80 litros","700 vatios","73 opiniones de clientes","EUR 52,99"
"https://www.amazon.es/gp/slredirect/picassoRedirect.html/ref=pa_sp_mtf_aps_sr_pg2_1?ie=UTF8&adId=A00341482SVJHJP7DBCC8&url=%2FUten-Aspiradora-aspiradoras-eficiencia-energ%25C3%25A9tica%2Fdp%2FB07FM2TDNL%2Fref%3Dsr_1_26_sspa%3F__mk_es_ES%3D%25C3%2585M%25C3%2585%25C5%25BD%25C3%2595%25C3%2591%26keywords%3Daspirador%26qid%3D1558608830%26s%3Dgateway%26sr%3D8-26-spons%26psc%3D1&qualifier=1558608830&id=5340753195975103&widgetName=sp_mtf","
                
                    
                    
                

                
                    
                    
                        Kranich Aspiradora portatil para casa Mano y Vertical aspiradoras Manual sin Bolsa 2 en 1 Limpiador Potente 700W (5m)
                    
                

                
                    
                    
                
            ","1,5 Kg","43 x 29 x 17 cm","1 litros","700 vatios","37 opiniones de clientes","EUR 39,99"
"https://www.amazon.es/gp/slredirect/picassoRedirect.html/ref=pa_sp_mtf_aps_sr_pg2_2?ie=UTF8&adId=A03073443UCSA92U4X2AR&url=%2FKranich-Aspirador-ciclonico-aspiradora-Potente%2Fdp%2FB07FCJBBGY%2Fref%3Dsr_1_27_sspa%3F__mk_es_ES%3D%25C3%2585M%25C3%2585%25C5%25BD%25C3%2595%25C3%2591%26keywords%3Daspirador%26qid%3D1558608830%26s%3Dgateway%26sr%3D8-27-spons%26psc%3D1&qualifier=1558608830&id=5340753195975103&widgetName=sp_mtf","
                
                    
                    
                

                
                    
                    
                        Kranich Aspirador ciclonico para hogar con Bolsa aspiradora de Mano Potente 1000W
                    
                

                
                    
                    
                
            ","4,8 Kg","45 x 31,5 x 26,3 cm","3.50 litros","1000 vatios","12 opiniones de clientes","EUR 39,99"
"https://www.amazon.es/ECO-Accesorios-Cyclonic-Filtro-ECO-350/dp/B07G4464TT/ref=sr_1_28?__mk_es_ES=%C3%85M%C3%85%C5%BD%C3%95%C3%91&keywords=aspirador&qid=1558608830&s=gateway&sr=8-28","
                
                    
                    
                

                
                    
                    
                        ECO-DE ECO-350 Aspirador Vertical de Escoba, 5 Accesorios Multi Cyclonic, 800w Filtro HEPA, Activ Carbon, Azul/Negro, S
                    
                

                
                    
                    
                
            ","0","0","0","0","118 opiniones de clientes","EUR 34,90"
"https://www.amazon.es/sumgott-Accesorios-Recargable-Desmontable-Ultraligera/dp/B07PF949VF/ref=sr_1_29?__mk_es_ES=%C3%85M%C3%85%C5%BD%C3%95%C3%91&keywords=aspirador&qid=1558608830&s=gateway&sr=8-29","
                
                    
                    
                

                
                    
                    
                        sumgott Aspirador sin Cable 9000Pa Aspiración 2 Velocidades Aspirador Ciclónico Escoba Eléctrica Doméstica,Ultraligera Silenciosa Inalámbrica (Rojo)
                    
                

                
                    
                    
                
            ","3,28 Kg","0","0","120 vatios","31 opiniones de clientes","EUR 149,99"
"https://www.amazon.es/HMHM174ABEU-Homasy-V4-Inteligente-Sobrecalentamiento/dp/B07CTBM7N1/ref=sr_1_30?__mk_es_ES=%C3%85M%C3%85%C5%BD%C3%95%C3%91&keywords=aspirador&qid=1558608830&s=gateway&sr=8-30","
                
                    
                    
                

                
                    
                    
                        VicTsing HMHM174ABEU Homasy V4-Aspiradoras Hogar Escoba 2 En 1, 800Ml, 600 W, 84 Decibelios, Negro
                    
                

                
                    
                    
                
            ","2,15 Kg","0","0","600 vatios","146 opiniones de clientes","EUR 35,99"
"https://www.amazon.es/Rowenta-Compact-Power-Aspiradora-rendimiento/dp/B06XC58J3P/ref=sr_1_31?__mk_es_ES=%C3%85M%C3%85%C5%BD%C3%95%C3%91&keywords=aspirador&qid=1558608830&s=gateway&sr=8-31","
                
                    
                    
                

                
                    
                    
                        Rowenta Compact Power Morado RO3969EA - Aspirador trineo con bolsa de alta filtración y filtro permanente gran eficiencia, depósito de 3 L, cable de 6.2 m, accesorios de coche para más versatilidad
                    
                

                
                    
                    
                
            ","6,48 Kg","28,1 x 41,4 x 23,3 cm","3 litros","750 vatios","47 opiniones de clientes","EUR 85,82"
"https://www.amazon.es/Bosch-BGC05AAA2-GS05-Cleannn-Ultra-Compacto/dp/B079NH35BX/ref=sr_1_32?__mk_es_ES=%C3%85M%C3%85%C5%BD%C3%95%C3%91&keywords=aspirador&qid=1558608830&s=gateway&sr=8-32","
                
                    
                    
                

                
                    
                    
                        Bosch BGC05AAA2 GS05 Cleann'n Aspirador sin Bolsa, Diseño Ultra-Compacto, Filtro Hepa H12 Lavable, Cepillo Especial Suelos Delicados, 700 W, 1.5 Litros, 78 Decibeles, Rojo y Negro
                    
                

                
                    
                    
                
            ","4,4 Kg","31,4 x 26,8 x 38,1 cm","1.5 litros","700 vatios","117 opiniones de clientes","EUR 97,00"
"https://www.amazon.es/Bosch-BBH218LTD-Readyyy-Aspirador-metalizado/dp/B07665GQD9/ref=sr_1_33?__mk_es_ES=%C3%85M%C3%85%C5%BD%C3%95%C3%91&keywords=aspirador&qid=1558608830&s=gateway&sr=8-33","
                
                    
                    
                

                
                    
                    
                        Bosch BBH218LTD Readyy'y 2-in-1 - Aspirador escoba vertical sin cable y de mano, autonomía hasta 40 min, batería Ion-Litio 18V, color marrón chocolate metalizado
                    
                

                
                    
                    
                
            ","3 Kg","16,5 x 26,5 x 116 cm","0.4 litros","240 vatios","203 opiniones de clientes","EUR 99,90"
"https://www.amazon.es/Hoover-Ultra-Vortex-MBC-500/dp/B014SPNQV2/ref=sr_1_34?__mk_es_ES=%C3%85M%C3%85%C5%BD%C3%95%C3%91&keywords=aspirador&qid=1558608830&s=gateway&sr=8-34","
                
                    
                    
                

                
                    
                    
                        Hoover Ultra Vortex MBC500UV - Aspirador de colchones y sofas, con lampara UV para eliminación bacterias, especial alergias, color blanco y rubi
                    
                

                
                    
                    
                
            ","1,95 Kg","26,5 x 34 x 18,5 cm","0.3 litros","20 vatios","184 opiniones de clientes","EUR 85,00"
"https://www.amazon.es/Bagotte-Aspirador-Silencioso-Autom%C3%A1tica-Navegaci%C3%B3n/dp/B07N1FQ5F2/ref=sr_1_35?__mk_es_ES=%C3%85M%C3%85%C5%BD%C3%95%C3%91&keywords=aspirador&qid=1558608830&s=gateway&sr=8-35","
                
                    
                    
                

                
                    
                    
                        Bagotte Robot Aspirador, Potencia de 1500Pa para un Robot de Limpieza, Ultra Delgado(6,9 cm), Silencioso, Carga Automática y Navegación Para Pelos Largos de Animales, Alfombras, Baldosas, Suelos Duros
                    
                

                
                    
                    
                
            ","4,89 Kg","0","500 ml","28 vatios","90 opiniones de clientes","
                
                    
                    
                

                
                    
                    
                        Bagotte Robot Aspirador, Potencia de 1500Pa para un Robot de Limpieza, Ultra Delgado(6,9 cm), Silencioso, Carga Automática y Navegación Para Pelos Largos de Animales, Alfombras, Baldosas, Suelos Duros
                    
                

                
                    
                    
                
            "
"https://www.amazon.es/gp/slredirect/picassoRedirect.html/ref=pa_sp_btf_aps_sr_pg2_1?ie=UTF8&adId=A015665117WK7FLS41WMH&url=%2FKranich-Aspiradora-portatil-aspiradoras-Limpiador%2Fdp%2FB07P1RX14V%2Fref%3Dsr_1_36_sspa%3F__mk_es_ES%3D%25C3%2585M%25C3%2585%25C5%25BD%25C3%2595%25C3%2591%26keywords%3Daspirador%26qid%3D1558608830%26s%3Dgateway%26sr%3D8-36-spons%26psc%3D1&qualifier=1558608830&id=5340753195975103&widgetName=sp_btf","
                
                    
                    
                

                
                    
                    
                        Kranich Aspiradora portatil para casa Mano y Vertical aspiradoras Manual sin Bolsa Limpiador Potente (Verde)
                    
                

                
                    
                    
                
            ","4,73 Kg","0","0","0","4 opiniones de clientes","
                
                    
                    
                

                
                    
                    
                        Kranich Aspiradora portatil para casa Mano y Vertical aspiradoras Manual sin Bolsa Limpiador Potente (Verde)
                    
                

                
                    
                    
                
            "
"https://www.amazon.es/gp/slredirect/picassoRedirect.html/ref=pa_sp_atf_next_aps_sr_pg3_1?ie=UTF8&adId=A0919512ENAUI6ECW5SN&url=%2FAspiradora-ONEDAY-Aspirador-Tecnolog%25C3%25ADa-Recargable%2Fdp%2FB07B928N8P%2Fref%3Dsr_1_33_sspa%3F__mk_es_ES%3D%25C3%2585M%25C3%2585%25C5%25BD%25C3%2595%25C3%2591%26keywords%3Daspirador%26qid%3D1558608831%26s%3Dgateway%26sr%3D8-33-spons%26psc%3D1&qualifier=1558608831&id=8027489915096817&widgetName=sp_atf_next","
                
                    
                    
                

                
                    
                    
                        Aspiradora Mano, ONEDAY 6 en 1 Aspirador sin Cable sin Bolsa Seco Tecnología Ciclónica Recargable Vacío 40 min Max Técnica de Carga Rápida para Inicio / Coche / Pelo de Mascota etc. [Negro]
                    
                

                
                    
                    
                
            ","1,35 Kg","0","500 ml","80 vatios","175 opiniones de clientes","EUR 69,99"
"https://www.amazon.es/Hoover-Ultra-Vortex-MBC-500/dp/B014SPNQV2/ref=sr_1_34?__mk_es_ES=%C3%85M%C3%85%C5%BD%C3%95%C3%91&keywords=aspirador&qid=1558608831&s=gateway&sr=8-34","
                
                    
                    
                

                
                    
                    
                        Hoover Ultra Vortex MBC500UV - Aspirador de colchones y sofas, con lampara UV para eliminación bacterias, especial alergias, color blanco y rubi
                    
                

                
                    
                    
                
            ","1,95 Kg","26,5 x 34 x 18,5 cm","0.3 litros","20 vatios","184 opiniones de clientes","EUR 85,00"
"https://www.amazon.es/Bagotte-Aspirador-Silencioso-Autom%C3%A1tica-Navegaci%C3%B3n/dp/B07N1FQ5F2/ref=sr_1_35?__mk_es_ES=%C3%85M%C3%85%C5%BD%C3%95%C3%91&keywords=aspirador&qid=1558608831&s=gateway&sr=8-35","
                
                    
                    
                

                
                    
                    
                        Bagotte Robot Aspirador, Potencia de 1500Pa para un Robot de Limpieza, Ultra Delgado(6,9 cm), Silencioso, Carga Automática y Navegación Para Pelos Largos de Animales, Alfombras, Baldosas, Suelos Duros
                    
                

                
                    
                    
                
            ","4,89 Kg","0","500 ml","28 vatios","90 opiniones de clientes","
                
                    
                    
                

                
                    
                    
                        Bagotte Robot Aspirador, Potencia de 1500Pa para un Robot de Limpieza, Ultra Delgado(6,9 cm), Silencioso, Carga Automática y Navegación Para Pelos Largos de Animales, Alfombras, Baldosas, Suelos Duros
                    
                

                
                    
                    
                
            "
"https://www.amazon.es/Theo-Klein-6815-Bosch-Aspiradora/dp/B0002HNPAS/ref=sr_1_36?__mk_es_ES=%C3%85M%C3%85%C5%BD%C3%95%C3%91&keywords=aspirador&qid=1558608831&s=gateway&sr=8-36","
                
                    
                    
                

                
                    
                    
                        Theo Klein-6815 Bosch Aspiradora, Multicolor (Klein 6815)
                    
                

                
                    
                    
                
            ","1,3 Kg","36 x 22,5 x 20 cm","0","0","8 opiniones de clientes","EUR 29,99"
"https://www.amazon.es/Novohogar-Aspirador-Vertical-Microperforado-Silencioso/dp/B07KCCPTKF/ref=sr_1_37?__mk_es_ES=%C3%85M%C3%85%C5%BD%C3%95%C3%91&keywords=aspirador&qid=1558608831&s=gateway&sr=8-37","
                
                    
                    
                

                
                    
                    
                        Novohogar Aspirador Hogar Vertical 2 en 1. Aspirador Escoba y de Mano Sin Bolsa Samba Duo Stick Purity. Sistema Doble 1 Filtro; HEPA y 1 Microperforado Lavable. Potente y Silencioso. 800W, 80dB
                    
                

                
                    
                    
                
            ","1,7 Kg","0","0.5 litros","800 vatios","98 opiniones de clientes","EUR 19,95"
"https://www.amazon.es/Housmile-Aspirador-Limpieza-Dep%C3%B3sito-0-6L-Gris/dp/B07FC8V1DG/ref=sr_1_38?__mk_es_ES=%C3%85M%C3%85%C5%BD%C3%95%C3%91&keywords=aspirador&qid=1558608831&s=gateway&sr=8-38","
                
                    
                    
                

                
                    
                    
                        Housmile Aspirador sin Cable 7500Pa,Aspirador Escoba 2 en 1 con 2 Modos de Limpieza,Depósito 0.6L-Gris y Violeta
                    
                

                
                    
                    
                
            ","3,2 Kg","0","0","240 vatios","67 opiniones de clientes","EUR 102,99"
"https://www.amazon.es/Cecotec-Conga-Serie-Fregasuelos-MagneticStrip/dp/B07HN8X76Y/ref=sr_1_39?__mk_es_ES=%C3%85M%C3%85%C5%BD%C3%95%C3%91&keywords=aspirador&qid=1558608831&s=gateway&sr=8-39","
                
                    
                    
                

                
                    
                    
                        Cecotec Conga Serie 1290. Robot Aspirador y Fregasuelos 4 en 1; Mapeo con Navegación Inteligente, 7 Modos de Limpieza con MagneticStrip. 3 Niveles de Fregado, Programable
                    
                

                
                    
                    
                
            ","5,72 Kg","0","0","0","446 opiniones de clientes","EUR 199,00"
"https://www.amazon.es/Cecotec-Conga-Serie-1390-inteligente/dp/B07HN8QGX7/ref=sr_1_40?__mk_es_ES=%C3%85M%C3%85%C5%BD%C3%95%C3%91&keywords=aspirador&qid=1558608831&s=gateway&sr=8-40","
                
                    
                    
                

                
                    
                    
                        Cecotec Conga Serie 1390 - Robot aspirador con mapeo y app, navegación inteligente iTech Gyro, 7 modos de limpieza con muro magnético, 220-240/50 Hz, 58 x 38 x 11 cm
                    
                

                
                    
                    
                
            ","5,5 Kg","0","0","0","1,872 opiniones de clientes","EUR 219,00"
"https://www.amazon.es/Black-Decker-GWC3600L20-QW-aspirador-triturador/dp/B00FXO8WO4/ref=sr_1_41?__mk_es_ES=%C3%85M%C3%85%C5%BD%C3%95%C3%91&keywords=aspirador&qid=1558608831&s=gateway&sr=8-41","
                
                    
                    
                

                
                    
                    
                        BLACK+DECKER GWC3600L20-QW - Soplador, aspirador, triturador 36V, incluye batería litio 2Ah
                    
                

                
                    
                    
                
            ","2,4 Kg","27,6 x 21,6 x 51,9 cm","0","0","32 opiniones de clientes","EUR 155,00"
"https://www.amazon.es/gp/slredirect/picassoRedirect.html/ref=pa_sp_mtf_aps_sr_pg3_1?ie=UTF8&adId=A00341482SVJHJP7DBCC8&url=%2FUten-Aspiradora-aspiradoras-eficiencia-energ%25C3%25A9tica%2Fdp%2FB07FM2TDNL%2Fref%3Dsr_1_42_sspa%3F__mk_es_ES%3D%25C3%2585M%25C3%2585%25C5%25BD%25C3%2595%25C3%2591%26keywords%3Daspirador%26qid%3D1558608831%26s%3Dgateway%26sr%3D8-42-spons%26psc%3D1&qualifier=1558608831&id=8027489915096817&widgetName=sp_mtf","
                
                    
                    
                

                
                    
                    
                        Kranich Aspiradora portatil para casa Mano y Vertical aspiradoras Manual sin Bolsa 2 en 1 Limpiador Potente 700W (5m)
                    
                

                
                    
                    
                
            ","1,5 Kg","43 x 29 x 17 cm","1 litros","700 vatios","37 opiniones de clientes","EUR 39,99"
"https://www.amazon.es/gp/slredirect/picassoRedirect.html/ref=pa_sp_mtf_aps_sr_pg3_2?ie=UTF8&adId=A03073443UCSA92U4X2AR&url=%2FKranich-Aspirador-ciclonico-aspiradora-Potente%2Fdp%2FB07FCJBBGY%2Fref%3Dsr_1_43_sspa%3F__mk_es_ES%3D%25C3%2585M%25C3%2585%25C5%25BD%25C3%2595%25C3%2591%26keywords%3Daspirador%26qid%3D1558608831%26s%3Dgateway%26sr%3D8-43-spons%26psc%3D1&qualifier=1558608831&id=8027489915096817&widgetName=sp_mtf","
                
                    
                    
                

                
                    
                    
                        Kranich Aspirador ciclonico para hogar con Bolsa aspiradora de Mano Potente 1000W
                    
                

                
                    
                    
                
            ","4,8 Kg","45 x 31,5 x 26,3 cm","3.50 litros","1000 vatios","12 opiniones de clientes","EUR 39,99"
"https://www.amazon.es/Bagotte-Fregasuelos-Navegaci%C3%B3n-Inteligente-Programable/dp/B07GJ5GLVL/ref=sr_1_44?__mk_es_ES=%C3%85M%C3%85%C5%BD%C3%95%C3%91&keywords=aspirador&qid=1558608831&s=gateway&sr=8-44","
                
                    
                    
                

                
                    
                    
                        Bagotte I7 Robot Aspirador y Fregasuelos con Tanque de Agua, Aspirar, Barrer y Fregar con Navegación Inteligente, Programable, Carga Automática, para Suelos Duros y Alfombras con Cinta Magnética
                    
                

                
                    
                    
                
            ","5 Kg","0","550 ml","24 vatios","153 opiniones de clientes","EUR 189,00"
"https://www.amazon.es/Taurus-Unlimited-25-6-Lithium-Aspirador/dp/B016ICEZOK/ref=sr_1_45?__mk_es_ES=%C3%85M%C3%85%C5%BD%C3%95%C3%91&keywords=aspirador&qid=1558608831&s=gateway&sr=8-45","
                
                    
                    
                

                
                    
                    
                        Taurus Unlimited 25.6 Lithium - Aspirador escoba 3 en 1
                    
                

                
                    
                    
                
            ","3,5 Kg","64,1 x 24 x 16,8 cm","0","25.6 vatios","539 opiniones de clientes","EUR 84,99"
"https://www.amazon.es/PUPPYOO-Aspirador-Tecnolog%C3%ADa-Cicl%C3%B3nica-Filtraci%C3%B3n/dp/B07699N9S4/ref=sr_1_46?__mk_es_ES=%C3%85M%C3%85%C5%BD%C3%95%C3%91&keywords=aspirador&qid=1558608831&s=gateway&sr=8-46","
                
                    
                    
                

                
                    
                    
                        PUPPYOO Aspirador WP526-C, Tecnología Ciclónica Aspirador de Mano sin Bolsas 2 en 1 de Filtro HEPA (600W)
                    
                

                
                    
                    
                
            ","2,9 Kg","0","0.6 litros","600 vatios","107 opiniones de clientes","EUR 55,99"
"https://www.amazon.es/Aspirador-Electrico-Pantalla-Peque%C3%B1os-Infantil/dp/B07Q6R1N5V/ref=sr_1_47?__mk_es_ES=%C3%85M%C3%85%C5%BD%C3%95%C3%91&keywords=aspirador&qid=1558608831&s=gateway&sr=8-47","
                
                    
                    
                

                
                    
                    
                        Aspirador Nasal Bebes Electrico Carga USB Aspirador de Nariz con 5 Niveles de Succión y Pantalla LCD para Recién Nacidos,Niños Pequeños y Infantil (Blanco)
                    
                

                
                    
                    
                
            ","381 g","0","0","0","21 opiniones de clientes","EUR 34,99"
"https://www.amazon.es/Black-Decker-PV-1820-L-Aspirador-posiciones/dp/B00JZLBNU6/ref=sr_1_48?__mk_es_ES=%C3%85M%C3%85%C5%BD%C3%95%C3%91&keywords=aspirador&qid=1558608831&s=gateway&sr=8-48","
                
                    
                    
                

                
                    
                    
                        Black+Decker PV1820L Aspirador de Mano con  18 V, Ciclónico,  Cabezal Pivotante de 8 posiciones de Limpieza, Batería de Litio, color blanco y gris
                    
                

                
                    
                    
                
            ","1,38 Kg","18,5 x 18,5 x 30,5 cm","0.44 litros","35 vatios","117 opiniones de clientes","EUR 98,00"
"https://www.amazon.es/Bosch-Aspirador-bater%C3%ADa-UniversalVac-cargador/dp/B07JYJD7J1/ref=sr_1_49?__mk_es_ES=%C3%85M%C3%85%C5%BD%C3%95%C3%91&keywords=aspirador&qid=1558608831&s=gateway&sr=8-49","
                
                    
                    
                

                
                    
                    
                        Bosch UniversalVac 18 - Aspirador (sin batería, sistema de 18 V, en caja)
                    
                

                
                    
                    
                
            ","0","0","0","0","3 opiniones de clientes","
                
                    
                    
                

                
                    
                    
                        Bosch UniversalVac 18 - Aspirador (sin batería, sistema de 18 V, en caja)
                    
                

                
                    
                    
                
            "
"https://www.amazon.es/Aspiradora-ONEDAY-Aspirador-Tecnolog%C3%ADa-Recargable/dp/B07B928N8P/ref=sr_1_50?__mk_es_ES=%C3%85M%C3%85%C5%BD%C3%95%C3%91&keywords=aspirador&qid=1558608831&s=gateway&sr=8-50","
                
                    
                    
                

                
                    
                    
                        Aspiradora Mano, ONEDAY 6 en 1 Aspirador sin Cable sin Bolsa Seco Tecnología Ciclónica Recargable Vacío 40 min Max Técnica de Carga Rápida para Inicio / Coche / Pelo de Mascota etc. [Negro]
                    
                

                
                    
                    
                
            ","1,35 Kg","0","500 ml","80 vatios","175 opiniones de clientes","EUR 69,99"
"https://www.amazon.es/AmazonBasics-Aspiradora-cil%C3%ADndrica-bolsa-energ%C3%A9tica/dp/B07C3NFCYC/ref=sr_1_51?__mk_es_ES=%C3%85M%C3%85%C5%BD%C3%95%C3%91&keywords=aspirador&qid=1558608831&s=gateway&sr=8-51","
                
                    
                    
                

                
                    
                    
                        AmazonBasics - Aspiradora cilíndrica sin bolsa, 1,5L, 700 W [clase energética A]
                    
                

                
                    
                    
                
            ","4,5 Kg","36,3 x 29,4 x 24,7 cm","1.5 litros","700 vatios","81 opiniones de clientes","EUR 52,99"
"https://www.amazon.es/gp/slredirect/picassoRedirect.html/ref=pa_sp_btf_aps_sr_pg3_1?ie=UTF8&adId=A015665117WK7FLS41WMH&url=%2FKranich-Aspiradora-portatil-aspiradoras-Limpiador%2Fdp%2FB07P1RX14V%2Fref%3Dsr_1_52_sspa%3F__mk_es_ES%3D%25C3%2585M%25C3%2585%25C5%25BD%25C3%2595%25C3%2591%26keywords%3Daspirador%26qid%3D1558608831%26s%3Dgateway%26sr%3D8-52-spons%26psc%3D1&qualifier=1558608831&id=8027489915096817&widgetName=sp_btf","
                
                    
                    
                

                
                    
                    
                        Kranich Aspiradora portatil para casa Mano y Vertical aspiradoras Manual sin Bolsa Limpiador Potente (Verde)
                    
                

                
                    
                    
                
            ","4,73 Kg","0","0","0","4 opiniones de clientes","
                
                    
                    
                

                
                    
                    
                        Kranich Aspiradora portatil para casa Mano y Vertical aspiradoras Manual sin Bolsa Limpiador Potente (Verde)
                    
                

                
                    
                    
                
            "
"https://www.amazon.es/gp/slredirect/picassoRedirect.html/ref=pa_sp_atf_next_aps_sr_pg4_1?ie=UTF8&adId=A0919512ENAUI6ECW5SN&url=%2FAspiradora-ONEDAY-Aspirador-Tecnolog%25C3%25ADa-Recargable%2Fdp%2FB07B928N8P%2Fref%3Dsr_1_49_sspa%3F__mk_es_ES%3D%25C3%2585M%25C3%2585%25C5%25BD%25C3%2595%25C3%2591%26keywords%3Daspirador%26qid%3D1558608832%26s%3Dgateway%26sr%3D8-49-spons%26psc%3D1&qualifier=1558608832&id=2000208039646952&widgetName=sp_atf_next","
                
                    
                    
                

                
                    
                    
                        Aspiradora Mano, ONEDAY 6 en 1 Aspirador sin Cable sin Bolsa Seco Tecnología Ciclónica Recargable Vacío 40 min Max Técnica de Carga Rápida para Inicio / Coche / Pelo de Mascota etc. [Negro]
                    
                

                
                    
                    
                
            ","1,35 Kg","0","500 ml","80 vatios","175 opiniones de clientes","EUR 69,99"
"https://www.amazon.es/Rowenta-Smart-Force-Essential-RR6971WH/dp/B07H7L4RMN/ref=sr_1_50?__mk_es_ES=%C3%85M%C3%85%C5%BD%C3%95%C3%91&keywords=aspirador&qid=1558608832&s=gateway&sr=8-50","
                
                    
                    
                

                
                    
                    
                        Rowenta Smart Force Essential Aqua RR6971WH - Robot aspirador 2 en 1, aspira y friega, con sensores anticaída, bateria ión-litio de 150 minutos de autonomía, incluye mando a distancia y base de carga
                    
                

                
                    
                    
                
            ","3,6 Kg","49,1 x 13,3 x 41,8 cm","0.25 litros","0","110 opiniones de clientes","EUR 199,00"
"https://www.amazon.es/Nilfisk-aspirador-chco14p10a1-comfort-128350552/dp/B076D52DR2/ref=sr_1_51?__mk_es_ES=%C3%85M%C3%85%C5%BD%C3%95%C3%91&keywords=aspirador&qid=1558608832&s=gateway&sr=8-51","
                
                    
                    
                

                
                    
                    
                        Aspirador Nilfisk Elite CHCO14P10A1 Comfort EU
                    
                

                
                    
                    
                
            ","0","0","0","0","EUR 304,02","
                
                    
                    
                

                
                    
                    
                        Aspirador Nilfisk Elite CHCO14P10A1 Comfort EU
                    
                

                
                    
                    
                
            "
"https://www.amazon.es/K%C3%A4rcher-WD-Aspirador-seco-h%C3%BAmedo/dp/B00IAPM1PY/ref=sr_1_52?__mk_es_ES=%C3%85M%C3%85%C5%BD%C3%95%C3%91&keywords=aspirador&qid=1558608832&s=gateway&sr=8-52","
                
                    
                    
                

                
                    
                    
                        Kärcher WD2 - Aspirador en seco y húmedo, 1000 W, 12 l, versión alemana
                    
                

                
                    
                    
                
            ","4,5 Kg","36,9 x 33,7 x 43 cm","12 litros","1000 vatios","72 opiniones de clientes","EUR 58,91"
"https://www.amazon.es/Cecotec-ThunderBrush-Tecnolog%C3%ADa-cicl%C3%B3nica-Eficiencia/dp/B07G36D3R1/ref=sr_1_53?__mk_es_ES=%C3%85M%C3%85%C5%BD%C3%95%C3%91&keywords=aspirador&qid=1558608832&s=gateway&sr=8-53","
                
                    
                    
                

                
                    
                    
                        Cecotec Conga ThunderBrush 520 Aspirador Vertical Y de Mano, Tecnología Ciclónica, Filtro Hepa, Rojo
                    
                

                
                    
                    
                
            ","2,74 Kg","0","0","600 vatios","101 opiniones de clientes","EUR 33,00"
"https://www.amazon.es/Eheim-Aspirador-gravilla-extractor-autom%C3%A1tico/dp/B003C5U2SU/ref=sr_1_54?__mk_es_ES=%C3%85M%C3%85%C5%BD%C3%95%C3%91&keywords=aspirador&qid=1558608832&s=gateway&sr=8-54","
                
                    
                    
                

                
                    
                    
                        Eheim - Aspirador de gravilla y Extractor de Barro automático
                    
                

                
                    
                    
                
            ","0","0","0","0","10 opiniones de clientes","
                
                    
                    
                

                
                    
                    
                        Eheim - Aspirador de gravilla y Extractor de Barro automático
                    
                

                
                    
                    
                
            "
"https://www.amazon.es/Bosch-BCH6ZOOO-Zooo-ProAnimal-SensorBagless/dp/B00MN0XUJI/ref=sr_1_55?__mk_es_ES=%C3%85M%C3%85%C5%BD%C3%95%C3%91&keywords=aspirador&qid=1558608832&s=gateway&sr=8-55","
                
                    
                    
                

                
                    
                    
                        Bosch BCH6ZOOO Zoo'o ProAnimal - Aspirador escoba + kit de accesorios ProAnimal (cepillo especial mascotas, tecnología SensorBagless, batería ion-litio de 25,2 V), color rojo
                    
                

                
                    
                    
                
            ","6,2 Kg","24 x 24 x 73 cm","0.9 litros","400 vatios","938 opiniones de clientes","EUR 176,00"
"https://www.amazon.es/aspirador-patentado-aspiradora-silencioso-autoajustable/dp/B0797H32JF/ref=sr_1_56?__mk_es_ES=%C3%85M%C3%85%C5%BD%C3%95%C3%91&keywords=aspirador&qid=1558608832&s=gateway&sr=8-56","
                
                    
                    
                

                
                    
                    
                        Eyugle KK290A Robot aspirador de limpieza patentado aspiradora de suciedad 500pa 3 fases sin pelos polvo y mascotas Vacuum Cleaner limpio silencioso y autoajustable sensor proyecta
                    
                

                
                    
                    
                
            ","2,76 Kg","0","0","0","86 opiniones de clientes","EUR 89,99"
"https://www.amazon.es/Soporte-Gancho-Montaje-Conjunto-Aspirador/dp/B07PG5S9GP/ref=sr_1_57?__mk_es_ES=%C3%85M%C3%85%C5%BD%C3%95%C3%91&keywords=aspirador&qid=1558608832&s=gateway&sr=8-57","
                
                    
                    
                

                
                    
                    
                        BUBM Soporte de Gancho de Montaje en Pared Conjunto de Soporte para Aspirador Dyson V6 V7 V8 V10
                    
                

                
                    
                    
                
            ","0","0","0","0","EUR 39,98","
                
                    
                    
                

                
                    
                    
                        BUBM Soporte de Gancho de Montaje en Pared Conjunto de Soporte para Aspirador Dyson V6 V7 V8 V10
                    
                

                
                    
                    
                
            "
"https://www.amazon.es/gp/slredirect/picassoRedirect.html/ref=pa_sp_mtf_aps_sr_pg4_1?ie=UTF8&adId=A00341482SVJHJP7DBCC8&url=%2FUten-Aspiradora-aspiradoras-eficiencia-energ%25C3%25A9tica%2Fdp%2FB07FM2TDNL%2Fref%3Dsr_1_58_sspa%3F__mk_es_ES%3D%25C3%2585M%25C3%2585%25C5%25BD%25C3%2595%25C3%2591%26keywords%3Daspirador%26qid%3D1558608832%26s%3Dgateway%26sr%3D8-58-spons%26psc%3D1&qualifier=1558608832&id=2000208039646952&widgetName=sp_mtf","
                
                    
                    
                

                
                    
                    
                        Kranich Aspiradora portatil para casa Mano y Vertical aspiradoras Manual sin Bolsa 2 en 1 Limpiador Potente 700W (5m)
                    
                

                
                    
                    
                
            ","1,5 Kg","43 x 29 x 17 cm","1 litros","700 vatios","37 opiniones de clientes","EUR 39,99"
"https://www.amazon.es/gp/slredirect/picassoRedirect.html/ref=pa_sp_mtf_aps_sr_pg4_2?ie=UTF8&adId=A03073443UCSA92U4X2AR&url=%2FKranich-Aspirador-ciclonico-aspiradora-Potente%2Fdp%2FB07FCJBBGY%2Fref%3Dsr_1_59_sspa%3F__mk_es_ES%3D%25C3%2585M%25C3%2585%25C5%25BD%25C3%2595%25C3%2591%26keywords%3Daspirador%26qid%3D1558608832%26s%3Dgateway%26sr%3D8-59-spons%26psc%3D1&qualifier=1558608832&id=2000208039646952&widgetName=sp_mtf","
                
                    
                    
                

                
                    
                    
                        Kranich Aspirador ciclonico para hogar con Bolsa aspiradora de Mano Potente 1000W
                    
                

                
                    
                    
                
            ","4,8 Kg","45 x 31,5 x 26,3 cm","3.50 litros","1000 vatios","12 opiniones de clientes","EUR 39,99"
"https://www.amazon.es/Rowenta-Aspirador-Autonom%C3%ADa-Motorizado-Velocidades/dp/B01C40OPQS/ref=sr_1_60?__mk_es_ES=%C3%85M%C3%85%C5%BD%C3%95%C3%91&keywords=aspirador&qid=1558608832&s=gateway&sr=8-60","
                
                    
                    
                

                
                    
                    
                        Rowenta Air Force Extreme Vision Pro RH8872WO - Aspirador sin cable, 25.2 V, autonomía 65 min, batería litio, cabezal delta LED, cepillo motorizado con led, sin bolsa, 3 velocidades, fácil almacenar
                    
                

                
                    
                    
                
            ","3,6 Kg","25 x 25,5 x 119 cm","0.5 litros","2200 vatios","393 opiniones de clientes","EUR 236,29"
"https://www.amazon.es/Holife-Aspiradora-Reutilizable-Eficiencia-Energ%C3%A9tica/dp/B07NSRM44G/ref=sr_1_61?__mk_es_ES=%C3%85M%C3%85%C5%BD%C3%95%C3%91&keywords=aspirador&qid=1558608832&s=gateway&sr=8-61","
                
                    
                    
                

                
                    
                    
                        Holife Aspiradora Escoba, Aspirador Vertical & de Mano 2 en 1 [2019 Nuevo], Potencia de 12Kpa 600W, Aspirador de Pie con 2Filtro HEPA Reutilizable, Clase de Eficiencia Energética A
                    
                

                
                    
                    
                
            ","2,19 Kg","0","0","0","7 opiniones de clientes","EUR 34,99"
"https://www.amazon.es/K%C3%A4rcher-WD6-Premium-Aspirador-aspiraci%C3%B3n/dp/B00JU53C92/ref=sr_1_62?__mk_es_ES=%C3%85M%C3%85%C5%BD%C3%95%C3%91&keywords=aspirador&qid=1558608832&s=gateway&sr=8-62","
                
                    
                    
                

                
                    
                    
                        Kärcher Aspiradores multiuso WD 6 P Premium (1.348-270.0)
                    
                

                
                    
                    
                
            ","9,48 Kg","38 x 42 x 67 cm","30 litros","1300 vatios","87 opiniones de clientes","EUR 207,45"
"https://www.amazon.es/Taurus-Pulsar-Turbo-948-969-Eco-Turbo-Aspiradora/dp/B01LB48NXE/ref=sr_1_63?__mk_es_ES=%C3%85M%C3%85%C5%BD%C3%95%C3%91&keywords=aspirador&qid=1558608832&s=gateway&sr=8-63","
                
                    
                    
                

                
                    
                    
                        Taurus Pulsar Turbo-948 800 Aspirador de Trineo sin bolsa con filtraje multiciclónico, Energy Eco System, Turbocyclone Sytem, 2 litros, Filtro HEPA, 800 W, 78 decibeles, Decibelios
                    
                

                
                    
                    
                
            ","5,5 Kg","43 x 33 x 37 cm","2 litros","800 vatios","227 opiniones de clientes","EUR 70,99"
"https://www.amazon.es/SUAOKI-Aspirador-Inal%C3%A1mbrico-velocidades-Recargable/dp/B07CJG4BC3/ref=sr_1_64?__mk_es_ES=%C3%85M%C3%85%C5%BD%C3%95%C3%91&keywords=aspirador&qid=1558608832&s=gateway&sr=8-64","
                
                    
                    
                

                
                    
                    
                        SUAOKI 2 en 1 Aspirador Inalámbrico, escoba y portátil de mano, 2150mAh de batería recargable, base de carga para el hogar del automóvil
                    
                

                
                    
                    
                
            ","4,5 Kg","20,4 x 28,7 x 60 cm","0","100 vatios","26 opiniones de clientes","EUR 78,99"
"https://www.amazon.es/Cevik-CE-AS22X-Aspirador-S%C3%B3lidos-L%C3%ADquidos/dp/B07BKFW5RJ/ref=sr_1_65?__mk_es_ES=%C3%85M%C3%85%C5%BD%C3%95%C3%91&keywords=aspirador&qid=1558608832&s=gateway&sr=8-65","
                
                    
                    
                

                
                    
                    
                        Cevik CE-AS22X Aspirador Sólidos y Líquidos
                    
                

                
                    
                    
                
            ","6,7 Kg","40 x 40 x 48 cm","0","0","1 opinión de cliente","EUR 69,95"
"https://www.amazon.es/SUAOKI-Inoxidable-Tecnolog%C3%ADa-eficiencia-Recargable/dp/B07MGXNXYF/ref=sr_1_66?__mk_es_ES=%C3%85M%C3%85%C5%BD%C3%95%C3%91&keywords=aspirador&qid=1558608832&s=gateway&sr=8-66","
                
                    
                    
                

                
                    
                    
                        SUAOKI Aspirador portátiil de batería Potente, 6.5KPa con Filtro Acero Inoxidable, Tecnología Ciclónica, eficiencia de Limpieza hasta 94%, 22000mAh batería Recargable, 0.5L, Aspirador Coche y hogar
                    
                

                
                    
                    
                
            ","1,6 Kg","0","0","0","19 opiniones de clientes","EUR 49,99"
"https://www.amazon.es/Som-Aspirador-De-P%C3%B3/dp/B01FL2WRFW/ref=sr_1_67?__mk_es_ES=%C3%85M%C3%85%C5%BD%C3%95%C3%91&keywords=aspirador&qid=1558608832&s=gateway&sr=8-67","0","0","0","0","0","0","0"
"https://www.amazon.es/gp/slredirect/picassoRedirect.html/ref=pa_sp_btf_aps_sr_pg4_1?ie=UTF8&adId=A015665117WK7FLS41WMH&url=%2FKranich-Aspiradora-portatil-aspiradoras-Limpiador%2Fdp%2FB07P1RX14V%2Fref%3Dsr_1_68_sspa%3F__mk_es_ES%3D%25C3%2585M%25C3%2585%25C5%25BD%25C3%2595%25C3%2591%26keywords%3Daspirador%26qid%3D1558608832%26s%3Dgateway%26sr%3D8-68-spons%26psc%3D1&qualifier=1558608832&id=2000208039646952&widgetName=sp_btf","
                
                    
                    
                

                
                    
                    
                        Kranich Aspiradora portatil para casa Mano y Vertical aspiradoras Manual sin Bolsa Limpiador Potente (Verde)
                    
                

                
                    
                    
                
            ","4,73 Kg","0","0","0","4 opiniones de clientes","
                
                    
                    
                

                
                    
                    
                        Kranich Aspiradora portatil para casa Mano y Vertical aspiradoras Manual sin Bolsa Limpiador Potente (Verde)
                    
                

                
                    
                    
                
            "
"https://www.amazon.es/gp/slredirect/picassoRedirect.html/ref=pa_sp_atf_next_aps_sr_pg5_1?ie=UTF8&adId=A0919512ENAUI6ECW5SN&url=%2FAspiradora-ONEDAY-Aspirador-Tecnolog%25C3%25ADa-Recargable%2Fdp%2FB07B928N8P%2Fref%3Dsr_1_65_sspa%3F__mk_es_ES%3D%25C3%2585M%25C3%2585%25C5%25BD%25C3%2595%25C3%2591%26keywords%3Daspirador%26qid%3D1558608832%26s%3Dgateway%26sr%3D8-65-spons%26psc%3D1&qualifier=1558608832&id=2480359906383729&widgetName=sp_atf_next","
                
                    
                    
                

                
                    
                    
                        Aspiradora Mano, ONEDAY 6 en 1 Aspirador sin Cable sin Bolsa Seco Tecnología Ciclónica Recargable Vacío 40 min Max Técnica de Carga Rápida para Inicio / Coche / Pelo de Mascota etc. [Negro]
                    
                

                
                    
                    
                
            ","1,35 Kg","0","500 ml","80 vatios","175 opiniones de clientes","EUR 69,99"
"https://www.amazon.es/K%C3%A4rcher-WD-Aspirador-seco-h%C3%BAmedo/dp/B00IAPM1PY/ref=sr_1_66?__mk_es_ES=%C3%85M%C3%85%C5%BD%C3%95%C3%91&keywords=aspirador&qid=1558608832&s=gateway&sr=8-66","
                
                    
                    
                

                
                    
                    
                        Kärcher WD2 - Aspirador en seco y húmedo, 1000 W, 12 l, versión alemana
                    
                

                
                    
                    
                
            ","4,5 Kg","36,9 x 33,7 x 43 cm","12 litros","1000 vatios","72 opiniones de clientes","EUR 58,91"
"https://www.amazon.es/ZIGLINT-Dispositivo-Multifunci%C3%B3n-Tecnolog%C3%ADa-Esquiladora/dp/B07HRN4QWX/ref=sr_1_67?__mk_es_ES=%C3%85M%C3%85%C5%BD%C3%95%C3%91&keywords=aspirador&qid=1558608832&s=gateway&sr=8-67","
                
                    
                    
                

                
                    
                    
                        ZIGLINT P20 Dispositivo Multifunción para Aseo de Mascotas, Aspirador con Tecnología Air-Touch, Cortapelos para Mascotas con 4 Tipos de Cuchillas, Esquiladora Eléctrica y Cepillo para Perro y Gato
                    
                

                
                    
                    
                
            ","0","0","0","0","1 opinión de cliente","EUR 119,99"
"https://www.amazon.es/TACKLIFE-Aspiradora-Dom%C3%A9stica-Multifunci%C3%B3n-Accesorios/dp/B07PM4WNZW/ref=sr_1_68?__mk_es_ES=%C3%85M%C3%85%C5%BD%C3%95%C3%91&keywords=aspirador&qid=1558608832&s=gateway&sr=8-68","
                
                    
                    
                

                
                    
                    
                        TACKLIFE Aspiradora en Seco y Húmedo, 18.9L, Aspiradora Doméstica de 1000 Vatios, HEPA Filtro, 3 en 1 Aspiradora Multifunción, 9 Accesorios, Bolsa de Vacío, Automóvil, PVC01A
                    
                

                
                    
                    
                
            ","6,5 Kg","0","☘18.9L","0","28 opiniones de clientes","EUR 39,97"
"https://www.amazon.es/Housmile-Aspirador-Limpieza-Inteligentes-Color-Negro/dp/B074N2MV6V/ref=sr_1_69?__mk_es_ES=%C3%85M%C3%85%C5%BD%C3%95%C3%91&keywords=aspirador&qid=1558608832&s=gateway&sr=8-69","
                
                    
                    
                

                
                    
                    
                        Housmile Robot Aspirador de Limpieza con Sensores Inteligentes,2 Modos de Limpieza para el Pelo de Mascotas, Pisos Duros y Delgado Alfombra Color-Negro
                    
                

                
                    
                    
                
            ","1,8 Kg","0","0","10 vatios","76 opiniones de clientes","EUR 69,99"
"https://www.amazon.es/Black-Decker-PV1200AV-XJ-Aspirador-autom%C3%B3vil/dp/B015FO9ZD8/ref=sr_1_70?__mk_es_ES=%C3%85M%C3%85%C5%BD%C3%95%C3%91&keywords=aspirador&qid=1558608832&s=gateway&sr=8-70","
                
                    
                    
                

                
                    
                    
                        Black+Decker PV1200AV Aspirador de Mano  con Cabezal Pivotante para Coche , Ciclónico, 12 V, Capacidad 350 ml, Adaptador para Mechero,  color gris, rojo, transparente
                    
                

                
                    
                    
                
            ","3,7 Kg","36,8 x 18 x 15,8 cm","0","11 vatios","38 opiniones de clientes","EUR 55,82"
"https://www.amazon.es/Kealive-Aspirador-Aspiradora-Limpiador-Escaleras/dp/B07F423FM2/ref=sr_1_71?__mk_es_ES=%C3%85M%C3%85%C5%BD%C3%95%C3%91&keywords=aspirador&qid=1558608832&s=gateway&sr=8-71","
                
                    
                    
                

                
                    
                    
                        Kealive Aspirador Hogar Vertical 2 en 1, Aspiradora Escoba y de Mano con Cable, 15kPa Succión, Filtros HEPA Lavable, Limpiador Vertical de Mano Para Suelos, Escaleras, Alfombras
                    
                

                
                    
                    
                
            ","1,7 Kg","110 x 23,6 x 19 cm","0.60 litros","700.00","26 opiniones de clientes","EUR 44,88"
"https://www.amazon.es/Buki-France-Aspirador-insectos-BL052/dp/B00KGZHRVY/ref=sr_1_72?__mk_es_ES=%C3%85M%C3%85%C5%BD%C3%95%C3%91&keywords=aspirador&qid=1558608832&s=gateway&sr=8-72","
                
                    
                    
                

                
                    
                    
                        Buki France- Aspirador de Insectos (BL052)
                    
                

                
                    
                    
                
            ","780 g","31 x 7 x 26 cm","0","0","17 opiniones de clientes","EUR 19,90"
"https://www.amazon.es/Vileda-102-aspirador-autonom%C3%ADa-alfombras/dp/B07J9JZ6XR/ref=sr_1_73?__mk_es_ES=%C3%85M%C3%85%C5%BD%C3%95%C3%91&keywords=aspirador&qid=1558608832&s=gateway&sr=8-73","
                
                    
                    
                

                
                    
                    
                        Vileda VR 102 - Robot aspirador de gran autonomía (1h 30 de limpieza continua), para barrer y aspirar en todo tipo de suelos duros y alfombras de pelo corto, 3 modos de limpieza, color blanco y negro
                    
                

                
                    
                    
                
            ","2,75 Kg","39,5 x 40,1 x 13,4 cm","0","28.47 watt_hours","20 opiniones de clientes","EUR 145,89"
"https://www.amazon.es/gp/slredirect/picassoRedirect.html/ref=pa_sp_mtf_aps_sr_pg5_1?ie=UTF8&adId=A00341482SVJHJP7DBCC8&url=%2FUten-Aspiradora-aspiradoras-eficiencia-energ%25C3%25A9tica%2Fdp%2FB07FM2TDNL%2Fref%3Dsr_1_74_sspa%3F__mk_es_ES%3D%25C3%2585M%25C3%2585%25C5%25BD%25C3%2595%25C3%2591%26keywords%3Daspirador%26qid%3D1558608832%26s%3Dgateway%26sr%3D8-74-spons%26psc%3D1&qualifier=1558608832&id=2480359906383729&widgetName=sp_mtf","
                
                    
                    
                

                
                    
                    
                        Kranich Aspiradora portatil para casa Mano y Vertical aspiradoras Manual sin Bolsa 2 en 1 Limpiador Potente 700W (5m)
                    
                

                
                    
                    
                
            ","1,5 Kg","43 x 29 x 17 cm","1 litros","700 vatios","37 opiniones de clientes","EUR 39,99"
"https://www.amazon.es/gp/slredirect/picassoRedirect.html/ref=pa_sp_mtf_aps_sr_pg5_2?ie=UTF8&adId=A03073443UCSA92U4X2AR&url=%2FKranich-Aspirador-ciclonico-aspiradora-Potente%2Fdp%2FB07FCJBBGY%2Fref%3Dsr_1_75_sspa%3F__mk_es_ES%3D%25C3%2585M%25C3%2585%25C5%25BD%25C3%2595%25C3%2591%26keywords%3Daspirador%26qid%3D1558608832%26s%3Dgateway%26sr%3D8-75-spons%26psc%3D1&qualifier=1558608832&id=2480359906383729&widgetName=sp_mtf","
                
                    
                    
                

                
                    
                    
                        Kranich Aspirador ciclonico para hogar con Bolsa aspiradora de Mano Potente 1000W
                    
                

                
                    
                    
                
            ","4,8 Kg","45 x 31,5 x 26,3 cm","3.50 litros","1000 vatios","12 opiniones de clientes","EUR 39,99"
"https://www.amazon.es/Black-Decker-Aspiradora-dep%C3%B3sito-litros/dp/B01EVJC6JS/ref=sr_1_76?__mk_es_ES=%C3%85M%C3%85%C5%BD%C3%95%C3%91&keywords=aspirador&qid=1558608832&s=gateway&sr=8-76","
                
                    
                    
                

                
                    
                    
                        Black+Decker BXVC20XE Aspirador multiuso de sólidos y líquidos (1400 W, 20 l, Acero Inox)
                    
                

                
                    
                    
                
            ","7 Kg","41 x 50 x 41 cm","0","1400 vatios","14 opiniones de clientes","EUR 72,75"
"https://www.amazon.es/Cecotec-ThunderBrush-Tecnolog%C3%ADa-cicl%C3%B3nica-Eficiencia/dp/B07G36D3R1/ref=sr_1_77?__mk_es_ES=%C3%85M%C3%85%C5%BD%C3%95%C3%91&keywords=aspirador&qid=1558608832&s=gateway&sr=8-77","
                
                    
                    
                

                
                    
                    
                        Cecotec Conga ThunderBrush 520 Aspirador Vertical Y de Mano, Tecnología Ciclónica, Filtro Hepa, Rojo
                    
                

                
                    
                    
                
            ","2,74 Kg","0","0","600 vatios","101 opiniones de clientes","EUR 33,00"
"https://www.amazon.es/Bosch-BCH6ZOOO-Zooo-ProAnimal-SensorBagless/dp/B00MN0XUJI/ref=sr_1_78?__mk_es_ES=%C3%85M%C3%85%C5%BD%C3%95%C3%91&keywords=aspirador&qid=1558608832&s=gateway&sr=8-78","
                
                    
                    
                

                
                    
                    
                        Bosch BCH6ZOOO Zoo'o ProAnimal - Aspirador escoba + kit de accesorios ProAnimal (cepillo especial mascotas, tecnología SensorBagless, batería ion-litio de 25,2 V), color rojo
                    
                

                
                    
                    
                
            ","6,2 Kg","24 x 24 x 73 cm","0.9 litros","400 vatios","938 opiniones de clientes","EUR 176,00"
"https://www.amazon.es/Eureka-Aspirador-Anti-Golpe-Auto-Carga-Programable/dp/B07L1F2VD9/ref=sr_1_79?__mk_es_ES=%C3%85M%C3%85%C5%BD%C3%95%C3%91&keywords=aspirador&qid=1558608832&s=gateway&sr=8-79","
                
                    
                    
                

                
                    
                    
                        Eureka i300 Robot Aspirador con Alta Succión, Suelos Duros y Alfombras Finas, Atrapar Pelo de Mascota, Sensores de Anticaída y Anti-Golpe, Control Remoto, Auto-Carga, Programable
                    
                

                
                    
                    
                
            ","4,5 Kg","0","0","0","19 opiniones de clientes","EUR 159,99"
"https://www.amazon.es/Nilfisk-18451119-Aspirador-bolsa-color/dp/B00M2O3CHA/ref=sr_1_80?__mk_es_ES=%C3%85M%C3%85%C5%BD%C3%95%C3%91&keywords=aspirador&qid=1558608832&s=gateway&sr=8-80","
                
                    
                    
                

                
                    
                    
                        NILFISK Buddy II 12 Aspirador de Agua, con o sin Bolsa, 1200 W, 12 litros, 74 Decibelios, Azul
                    
                

                
                    
                    
                
            ","7,09 Kg","47 x 39 x 36 cm","0","1200 vatios","41 opiniones de clientes","EUR 54,91"
"https://www.amazon.es/BEAUDENS-Aspirador-Peinados-Autom%C3%A1tico-Alfombras/dp/B07GVJY334/ref=sr_1_81?__mk_es_ES=%C3%85M%C3%85%C5%BD%C3%95%C3%91&keywords=aspirador&qid=1558608832&s=gateway&sr=8-81","
                
                    
                    
                

                
                    
                    
                        BEAUDENS Mini Robot Aspirador 800 Pa, Enredos para Peinados de Mascotas y Cabellos Largos, Alisado Automático para Pisos de Madera Noble para El Hogar y Alfombras de Pila Baja, Blanco
                    
                

                
                    
                    
                
            ","2 Kg","29 x 29 x 7,6 cm","0.20 litros","18 vatios","27 opiniones de clientes","EUR 79,99"
"https://www.amazon.es/Aspirador-Port%C3%A1til-Inal%C3%A1mbrico-2200mAh-Recargable/dp/B07PHNFH1P/ref=sr_1_82?__mk_es_ES=%C3%85M%C3%85%C5%BD%C3%95%C3%91&keywords=aspirador&qid=1558608832&s=gateway&sr=8-82","
                
                    
                    
                

                
                    
                    
                        Aspirador de Mano sin Cable, Sonoka 5000PA Aspirador de Coche Portátil Inalámbrico 120W con LED Luz, 2200mAh Carga Rapida Batería Recargable, Aspirador de Mojado y Seco para Casa, Coche, Oficina
                    
                

                
                    
                    
                
            ","662 g","0","0","0","14 opiniones de clientes","EUR 28,99"
"https://www.amazon.es/Aspirador-Inal%C3%A1mbrico-Port%C3%A1til-Dep%C3%B3sito-Boquillas/dp/B07L4LJQK2/ref=sr_1_83?__mk_es_ES=%C3%85M%C3%85%C5%BD%C3%95%C3%91&keywords=aspirador&qid=1558608832&s=gateway&sr=8-83","
                
                    
                    
                

                
                    
                    
                        Aspirador de Mano Potente Sin Cable Aspirador Inalámbrico 6000PA para Casa, Coche, Oficina Sin Bolsa con Seco y Húmedo, Portátil y Ligera, 520ml Depósito , 120W 7.4V, Con Filtro Lavable+3 Boquillas
                    
                

                
                    
                    
                
            ","871 g","0","0","120 vatios","69 opiniones de clientes","EUR 36,99"
"https://www.amazon.es/gp/slredirect/picassoRedirect.html/ref=pa_sp_btf_aps_sr_pg5_1?ie=UTF8&adId=A015665117WK7FLS41WMH&url=%2FKranich-Aspiradora-portatil-aspiradoras-Limpiador%2Fdp%2FB07P1RX14V%2Fref%3Dsr_1_84_sspa%3F__mk_es_ES%3D%25C3%2585M%25C3%2585%25C5%25BD%25C3%2595%25C3%2591%26keywords%3Daspirador%26qid%3D1558608832%26s%3Dgateway%26sr%3D8-84-spons%26psc%3D1&qualifier=1558608832&id=2480359906383729&widgetName=sp_btf","
                
                    
                    
                

                
                    
                    
                        Kranich Aspiradora portatil para casa Mano y Vertical aspiradoras Manual sin Bolsa Limpiador Potente (Verde)
                    
                

                
                    
                    
                
            ","4,73 Kg","0","0","0","4 opiniones de clientes","
                
                    
                    
                

                
                    
                    
                        Kranich Aspiradora portatil para casa Mano y Vertical aspiradoras Manual sin Bolsa Limpiador Potente (Verde)
                    
                

                
                    
                    
                
            "
